group,rows,mean_score,median_score,anomaly_rate
defective,170110,3.6935868,1.2761959,3.5271295044383044e-05
healthy,142391,0.18349099,-0.54829717,0.0014326748179309087
