mean_predicted_probability,fraction_of_positives
2.0636878259086266e-05,0.0
2.3066162768742745e-05,0.0
0.12158196966034251,0.12129913852856719
