feature_group,features,mean_missing_ratio,median_variance
rolling,48,7.359976448075366e-05,0.00681317737326026
change,24,0.0001226662741345894,0.007879015640355647
lag,16,0.0001471995289615073,0.07874851603992283
current,8,0.0,0.07880654488690197
slope,8,0.0001471995289615073,0.00037883784534642473
time,4,0.0,11631846.041672934
